Country Name,Country Code,Indicator Name,Indicator Code,1990,1991,1992,1993,1994,1995,1996,1997,1998,1999,2000,2001,2002,2003,2004,2005,2006,2007,2008,2009,2010,2011,2012,2013,2014,2015,2016,2017,2018,2019,2020
Aruba,ABW,"Central government debt, total (% of GDP)",GC.DOD.TOTL.GD.ZS,,,,,,,,,,,,,,,,,,,,,,,,,,,,,,,
Africa Eastern and Southern,AFE,"Central government debt, total (% of GDP)",GC.DOD.TOTL.GD.ZS,,,,,,,,,,,,,,,,,,,,,,,,,,,,,,,
Afghanistan,AFG,"Central government debt, total (% of GDP)",GC.DOD.TOTL.GD.ZS,,,,,,,,,,,,,,,,,,,,,,,,,,,,,,,
Africa Western and Central,AFW,"Central government debt, total (% of GDP)",GC.DOD.TOTL.GD.ZS,,,,,,,,,,,,,,,,,,,,,,,,,,,,,,,
Angola,AGO,"Central government debt, total (% of GDP)",GC.DOD.TOTL.GD.ZS,,,,,,,,,,,,,,,,,,,,,,,,,,,,,,,
Albania,ALB,"Central government debt, total (% of GDP)",GC.DOD.TOTL.GD.ZS,,,,,,35.75690391,37.48106496,53.10782497,55.56570386,,,,,,,,,,,,,69.63767392,63.66915264,70.58076979,73.32022748,79.86441815,80.73558197,75.8887516,64.57032635,75.69848825,84.05861908
Andorra,AND,"Central government debt, total (% of GDP)",GC.DOD.TOTL.GD.ZS,,,,,,,,,,,,,,,,,,,,,,,,,,,,,,,
Arab World,ARB,"Central government debt, total (% of GDP)",GC.DOD.TOTL.GD.ZS,,,,,,,,,,,,,,,,,,,,,,,,,,,,,,,
United Arab Emirates,ARE,"Central government debt, total (% of GDP)",GC.DOD.TOTL.GD.ZS,,,,,,,,,,,,,,,,,,,,,,,,1.845685137,,,,,,,
Argentina,ARG,"Central government debt, total (% of GDP)",GC.DOD.TOTL.GD.ZS,,,,,,,,,,,,,,,,,,,,,,,,,,,,,,,
Armenia,ARM,"Central government debt, total (% of GDP)",GC.DOD.TOTL.GD.ZS,,,,,,,,,,,,,,,,,,,,,,,,,,,,,,50.02842069,63.40121401
American Samoa,ASM,"Central government debt, total (% of GDP)",GC.DOD.TOTL.GD.ZS,,,,,,,,,,,,,,,,,,,,,,,,,,,,,,,
Antigua and Barbuda,ATG,"Central government debt, total (% of GDP)",GC.DOD.TOTL.GD.ZS,,,,,,,,,,,,,,,,,,,,,,,,,,,,,,,
Australia,AUS,"Central government debt, total (% of GDP)",GC.DOD.TOTL.GD.ZS,12.22733428,11.91842828,14.14494589,17.87364796,20.18833272,21.68180681,21.81279872,20.86132929,16.8780761,31.08701809,29.54572913,27.71312895,25.89764481,25.08664572,22.87348602,22.41855024,21.45391349,20.10936483,18.18788571,23.87206137,28.67010169,30.09870961,39.45643711,37.57889695,41.74153961,46.50666387,54.69039021,53.28087795,54.48561435,60.24792807,69.41379793
Austria,AUT,"Central government debt, total (% of GDP)",GC.DOD.TOTL.GD.ZS,,,,,,,,,,64.21289554,64.73978224,65.1858555,67.81187325,66.79101912,66.46179758,74.30583793,70.42261078,66.75668187,71.93825775,83.33165188,85.78626983,85.69650738,90.60038781,87.69659924,95.79962927,95.08426588,94.69463696,89.40540885,84.16445809,83.05386662,99.91308581
Azerbaijan,AZE,"Central government debt, total (% of GDP)",GC.DOD.TOTL.GD.ZS,,,,,,,,,,,,,,,,,,,4.576537975,6.295012401,6.385575792,,,,,,,,,,
Burundi,BDI,"Central government debt, total (% of GDP)",GC.DOD.TOTL.GD.ZS,,88.79366488,103.9915799,117.6309794,117.0125899,128.9192191,144.0976815,134.2470828,151.2772114,162.5614405,,,,,,,,,,,,,,,,,,,,,
Belgium,BEL,"Central government debt, total (% of GDP)",GC.DOD.TOTL.GD.ZS,,,,,,125.5765909,127.330165,124.1013347,126.0056648,115.1211711,109.6474721,108.9175914,108.3462015,102.1996084,98.09879706,96.75457719,89.37556635,83.47823149,91.30088439,95.9430278,93.2064544,95.57076435,104.0284993,101.564361,112.3090597,108.5913087,110.196201,103.8836279,101.3932567,103.3775233,119.4253561
Benin,BEN,"Central government debt, total (% of GDP)",GC.DOD.TOTL.GD.ZS,,,,,,,,,,,,,,,,,,,,,,,,,,,,,,,
Burkina Faso,BFA,"Central government debt, total (% of GDP)",GC.DOD.TOTL.GD.ZS,,,,,,,,,,,,,,,,,,,,,,,,,,,,,45.57386105,46.63954473,72.5316089
Bangladesh,BGD,"Central government debt, total (% of GDP)",GC.DOD.TOTL.GD.ZS,,,,,,,,,,,,31.46184316,31.86399152,31.20445211,,,,,,,,,,,,,,,,,
Bulgaria,BGR,"Central government debt, total (% of GDP)",GC.DOD.TOTL.GD.ZS,,,,,,,,,56.74663052,66.45590597,61.57245826,61.33398316,52.88148258,47.39991863,40.17672065,31.13794004,27.73789185,24.12291284,17.96763243,20.1600091,20.59186478,19.48216694,21.79540535,22.05705078,32.50065618,30.84131201,35.52837358,32.21695882,28.68591603,26.92355298,32.24333379
Bahrain,BHR,"Central government debt, total (% of GDP)",GC.DOD.TOTL.GD.ZS,8.727364185,16.37955868,21.29982087,19.34741472,17.88000297,16.98645162,15.81310272,16.96058238,21.16468109,23.69150527,25.74501489,27.10478363,28.37966711,32.4533576,29.3985592,,,,,,,,,,,,,,,,
"Bahamas, The",BHS,"Central government debt, total (% of GDP)",GC.DOD.TOTL.GD.ZS,24.41882502,27.97670322,30.63042779,34.43402329,34.86652347,33.99825022,34.22277639,21.7237965,20.95173286,19.64114437,18.75200428,,,,,,22.77745428,22.99085356,25.45550067,30.90820841,33.69228171,35.30642921,36.44949303,44.39552959,46.171482,47.52494963,50.40107819,53.00484722,56.7835416,57.05428719,84.44992014
Bosnia and Herzegovina,BIH,"Central government debt, total (% of GDP)",GC.DOD.TOTL.GD.ZS,,,,,,,,,,,,,,,,,,,,,,45.83469429,49.09026353,,,,52.8681138,48.01547363,45.56131214,44.63364867,46.04821751
Belarus,BLR,"Central government debt, total (% of GDP)",GC.DOD.TOTL.GD.ZS,,,25.76086957,5.187817259,75.95571292,16.88006062,11.52012886,12.17146907,20.18054264,15.10311745,15.01445182,11.44061677,12.33668601,,,6.570220588,6.644401832,8.909260816,10.65663437,18.55746198,18.90524573,39.41681084,24.42931342,23.83729556,24.54872626,37.59817806,38.92409841,39.88010453,37.09573699,33.24420394,
Belize,BLZ,"Central government debt, total (% of GDP)",GC.DOD.TOTL.GD.ZS,21.09481347,21.26602671,24.63049748,26.33535286,27.98347375,27.5111179,29.25002936,,,,,,50.87733171,67.14318182,79.16970133,70.294013,67.5028463,64.48257665,62.37246964,65.24031538,64.42545298,62.82627095,61.59101419,61.30574033,61.03774556,,,,,,
Bermuda,BMU,"Central government debt, total (% of GDP)",GC.DOD.TOTL.GD.ZS,,,,,,,,,,,,,,,,,,,,,,,,,,,,,,,
Bolivia,BOL,"Central government debt, total (% of GDP)",GC.DOD.TOTL.GD.ZS,,,,,59.17172417,57.41137939,47.88280662,46.53650541,47.07519259,56.25758298,60.10919774,68.33985276,,,,,,,,,,,,,,,,,,,
Brazil,BRA,"Central government debt, total (% of GDP)",GC.DOD.TOTL.GD.ZS,,,,,,,,,,,,,,,,,,,,,61.31878046,59.3416583,59.84949,57.22840938,58.45727111,67.53755403,73.41880381,83.66920265,86.60788412,92.56525319,100.5866373
Barbados,BRB,"Central government debt, total (% of GDP)",GC.DOD.TOTL.GD.ZS,,,,,,,,,,,,,,,,63.79162386,62.36717517,66.82678807,71.16981608,86.87667418,95.72615827,100.2462338,112.7736187,120.4799341,129.6295918,141.4381033,146.9267134,,,,
Brunei Darussalam,BRN,"Central government debt, total (% of GDP)",GC.DOD.TOTL.GD.ZS,,,,,,,,,,,,,,,,,,,,,,,,,,,,,,,
Bhutan,BTN,"Central government debt, total (% of GDP)",GC.DOD.TOTL.GD.ZS,53.34635933,49.38629265,47.48335336,40.94079631,34.44202044,28.26394923,37.85327726,31.93674677,31.08262689,36.09335891,40.48037494,72.20845404,58.1222739,70.83734938,77.45802264,81.72261948,76.8295072,64.28857447,61.91206477,58.19082377,56.21183125,64.04671854,74.2422122,98.44488536,93.1103346,88.50268416,100.7780441,101.2897065,101.1935022,97.48529161,117.3297593
Botswana,BWA,"Central government debt, total (% of GDP)",GC.DOD.TOTL.GD.ZS,11.37110325,12.11680206,12.53215057,12.44505995,12.04239764,10.97207607,11.15675555,,,,,,,,,,6.023568087,5.943176413,8.004029974,19.25178187,21.88629705,21.07436228,20.62318079,19.01638129,18.32573361,19.08697767,15.80495231,14.68076918,15.23071514,16.22293245,19.6558567
Central African Republic,CAF,"Central government debt, total (% of GDP)",GC.DOD.TOTL.GD.ZS,,,,,,,,,,,,,,,,,,,,,,,,,,,,,,,
Canada,CAN,"Central government debt, total (% of GDP)",GC.DOD.TOTL.GD.ZS,,,,,,77.36874422,78.11552315,74.76256899,72.30396613,66.09284296,58.60027865,57.32214393,54.00913305,51.15163117,46.74289,46.02521292,43.25613034,39.13872444,43.94727949,52.25152641,52.45743515,53.18475161,54.9262398,51.84295011,50.33071883,54.65147942,52.80866814,50.22579685,48.1815311,48.01163331,72.0858234
Central Europe and the Baltics,CEB,"Central government debt, total (% of GDP)",GC.DOD.TOTL.GD.ZS,,,,,,,,,,,,,,,,,,,,,,,,,,,,,,,
Switzerland,CHE,"Central government debt, total (% of GDP)",GC.DOD.TOTL.GD.ZS,12.32532176,13.04436452,15.23163907,18.44454813,20.06802587,22.49520878,22.90443587,24.9237649,27.1341876,25.00565488,25.77790616,24.70277358,29.74298448,28.80288908,29.36536952,29.39717832,25.76835389,23.65582945,23.0826539,21.70163739,20.99356622,21.14200705,21.34449593,20.21815744,20.61124279,20.43929496,19.38099266,20.28441183,18.67811857,18.95425981,20.91088891
Channel Islands,CHI,"Central government debt, total (% of GDP)",GC.DOD.TOTL.GD.ZS,,,,,,,,,,,,,,,,,,,,,,,,,,,,,,,
Chile,CHL,"Central government debt, total (% of GDP)",GC.DOD.TOTL.GD.ZS,,,,,,17.37231577,14.58447614,12.77982318,12.1152964,13.27700701,13.14564,,,,,,,,,,,,,,,,,,,,
China,CHN,"Central government debt, total (% of GDP)",GC.DOD.TOTL.GD.ZS,,,,,,,,,,,,,,,,,,,,,,,,,,,,,,,
Cote d'Ivoire,CIV,"Central government debt, total (% of GDP)",GC.DOD.TOTL.GD.ZS,,,,,,171.0654426,,,,,,,,,,,,,,,,,,,,,,,,,
Cameroon,CMR,"Central government debt, total (% of GDP)",GC.DOD.TOTL.GD.ZS,35.6686948,48.8665342,58.64613734,48.59731537,106.5005227,106.2809792,,,84.81026402,79.4576584,,,,,,,,,,,,,,,,,,,,,
"Congo, Dem. Rep.",COD,"Central government debt, total (% of GDP)",GC.DOD.TOTL.GD.ZS,289.8447271,113.5846667,128.4447081,104.0021075,169.7866114,232.9362311,243.5955063,152.1870019,,,,,,,,,,,,,,,,,,,,,,,
"Congo, Rep.",COG,"Central government debt, total (% of GDP)",GC.DOD.TOTL.GD.ZS,,,,,,,,,,,,,,,,,,,,60.22694172,25.48268447,,,,,,,,,,
Colombia,COL,"Central government debt, total (% of GDP)",GC.DOD.TOTL.GD.ZS,,,,,,,,,5.403915491,19.06535087,17.70902168,,,52.53541953,,,,,65.24508031,68.99900334,72.45266993,62.86013282,65.22769588,67.10291195,47.97616952,53.27858747,66.90716091,66.72724785,71.65043548,72.70226119,90.40356612
Comoros,COM,"Central government debt, total (% of GDP)",GC.DOD.TOTL.GD.ZS,,,,,,,,,,,,,,,,,,,,,,,,,,,,,,,
Cabo Verde,CPV,"Central government debt, total (% of GDP)",GC.DOD.TOTL.GD.ZS,,,,,,,,,,,,,,,,,,,,,,,,,,,,,,,
Costa Rica,CRI,"Central government debt, total (% of GDP)",GC.DOD.TOTL.GD.ZS,,,,,,,30.09821118,30.17903086,40.20510243,40.1048029,38.50184887,39.33511191,,,,,,,,,,,,,,,,,,,
Caribbean small states,CSS,"Central government debt, total (% of GDP)",GC.DOD.TOTL.GD.ZS,,,,,,,,,,,,,,,,,47.97582117,46.8449139,,,,,,,,,,,,,
Cuba,CUB,"Central government debt, total (% of GDP)",GC.DOD.TOTL.GD.ZS,,,,,,,,,,,,,,,,,,,,,,,,,,,,,,,
Curacao,CUW,"Central government debt, total (% of GDP)",GC.DOD.TOTL.GD.ZS,,,,,,,,,,,,,,,,,,,,,,,,,,,,,,,
Cayman Islands,CYM,"Central government debt, total (% of GDP)",GC.DOD.TOTL.GD.ZS,,,,,,,,,,,,,,,,,,,,,,,,,,,,,,,
Cyprus,CYP,"Central government debt, total (% of GDP)",GC.DOD.TOTL.GD.ZS,86.61874584,96.3842337,95.8339898,100.3304423,91.66831341,,,,,,,,,,,,,,,,,,,,,,,,,,
Czechia,CZE,"Central government debt, total (% of GDP)",GC.DOD.TOTL.GD.ZS,,,,15.84093079,14.09637681,,,,,,,,,,,,,,,,,,,,,,,,,,
Germany,DEU,"Central government debt, total (% of GDP)",GC.DOD.TOTL.GD.ZS,20.93058961,,,,,,,,,,,,,,,,,,,,,,,,,,,,,,
Djibouti,DJI,"Central government debt, total (% of GDP)",GC.DOD.TOTL.GD.ZS,,,,,,,,,,,,,,,,,,,,,,,,,,,,,,,
Dominica,DMA,"Central government debt, total (% of GDP)",GC.DOD.TOTL.GD.ZS,,,,,,,,,,,,,,,,,,,,,,,,,,,,,,,
Denmark,DNK,"Central government debt, total (% of GDP)",GC.DOD.TOTL.GD.ZS,,62.13537155,66.6274703,78.23914946,75.26157028,,,,,,,,,,,,,,,,,,,,,,,,,,
Dominican Republic,DOM,"Central government debt, total (% of GDP)",GC.DOD.TOTL.GD.ZS,,,,,,,20.96018308,17.5702325,,16.41680384,,,,,,,,,,,,,,,,,,,,,
Algeria,DZA,"Central government debt, total (% of GDP)",GC.DOD.TOTL.GD.ZS,,,,,,,,,,,,,,,,,,,,,,,,,,,,,,,
East Asia & Pacific (excluding high income),EAP,"Central government debt, total (% of GDP)",GC.DOD.TOTL.GD.ZS,,,,,,,,,,,,,,,,,,,,,,,,,,,,,,,
Early-demographic dividend,EAR,"Central government debt, total (% of GDP)",GC.DOD.TOTL.GD.ZS,,,,,,,,,43.48630725,,,,,,,,,,,,,,,,,,,,,,
East Asia & Pacific,EAS,"Central government debt, total (% of GDP)",GC.DOD.TOTL.GD.ZS,,,,,,,,,,,,,,,,,,,,,,,,,,,,,,,
Europe & Central Asia (excluding high income),ECA,"Central government debt, total (% of GDP)",GC.DOD.TOTL.GD.ZS,,,,,,,,,100.4105833,,,,,,,,,,18.00086951,22.3894353,20.99385905,20.09490414,19.46988753,17.98757484,20.34578689,21.94515903,22.8266544,23.63074507,23.17503546,24.71616619,31.38271955
Europe & Central Asia,ECS,"Central government debt, total (% of GDP)",GC.DOD.TOTL.GD.ZS,,,,,,,,,,,,,,,,,,,,,,,,,,,,,,,
Ecuador,ECU,"Central government debt, total (% of GDP)",GC.DOD.TOTL.GD.ZS,,,,,,,,,,,,,,,,,,,,,,,,,,,,,,,
"Egypt, Arab Rep.",EGY,"Central government debt, total (% of GDP)",GC.DOD.TOTL.GD.ZS,,,,,,,,,,,,,,,,,,85.78853383,,,,,,,,,,,,,
Euro area,EMU,"Central government debt, total (% of GDP)",GC.DOD.TOTL.GD.ZS,,,,,,,,,,,,,,,,,,,,,,,,,,,,,,,
Eritrea,ERI,"Central government debt, total (% of GDP)",GC.DOD.TOTL.GD.ZS,,,,,,,,,,,,,,,,,,,,,,,,,,,,,,,
Spain,ESP,"Central government debt, total (% of GDP)",GC.DOD.TOTL.GD.ZS,35.13232241,35.16511727,36.98413353,46.69882232,48.10463682,57.88357149,64.2155121,64.00972094,64.25782547,59.15738053,56.41656756,51.99516701,50.16536985,45.49913848,43.4691213,40.26751027,35.78905763,31.79219514,35.7977494,48.3646993,50.16780071,58.05764995,74.11165089,87.50518162,100.6473251,100.9321599,102.73181,103.5771364,104.7421445,108.9948327,141.2169882
Estonia,EST,"Central government debt, total (% of GDP)",GC.DOD.TOTL.GD.ZS,,,,,,,,,6.909220025,7.841843336,4.066987003,3.811326323,4.429484901,4.86252614,5.273353741,5.181045677,4.944383971,4.229534012,5.058350961,8.224680467,7.897645108,5.991393308,13.55217445,13.79847604,13.95485067,13.12274003,14.07077738,13.42557616,13.45856977,14.05308354,23.76990453
Ethiopia,ETH,"Central government debt, total (% of GDP)",GC.DOD.TOTL.GD.ZS,48.35295692,50.88587876,44.38117357,73.28743449,92.50415494,82.62967636,72.15000936,69.42168706,77.96167911,85.55469792,,,,,,,,,,,,,,10.73328378,26.93727974,27.94312504,29.00569007,30.0951132,32.5332185,31.44884867,
European Union,EUU,"Central government debt, total (% of GDP)",GC.DOD.TOTL.GD.ZS,,,,,,,,,,,,,,,,,,,,,,,,,,,,,,,
Fragile and conflict affected situations,FCS,"Central government debt, total (% of GDP)",GC.DOD.TOTL.GD.ZS,,,,,,,,,,,,,,,,,,,,,,,,,,,,,,,
Finland,FIN,"Central government debt, total (% of GDP)",GC.DOD.TOTL.GD.ZS,10.47561955,17.0154335,34.1069451,51.62475302,58.2474104,,,,,,,,,,,,,,,,,,,,,,,,,,
Fiji,FJI,"Central government debt, total (% of GDP)",GC.DOD.TOTL.GD.ZS,,36.84182174,33.67358458,36.53835481,36.62825932,,,,,,,,,,,,,,,,,,,,,,,,,,
France,FRA,"Central government debt, total (% of GDP)",GC.DOD.TOTL.GD.ZS,,,,,,,,,62.36396883,59.1702064,58.29925233,57.81887921,61.17654987,63.67355424,64.64241302,65.61117387,60.97429268,59.48742119,65.37256949,77.94778204,80.30129971,82.29224206,90.2797486,90.96854367,97.55438385,97.98033326,102.2620449,102.2152651,101.6221344,104.9864315,123.0135527
Faroe Islands,FRO,"Central government debt, total (% of GDP)",GC.DOD.TOTL.GD.ZS,,,,,,,,,,,,,,,,,,,,,,,,,,,,,,,
"Micronesia, Fed. Sts.",FSM,"Central government debt, total (% of GDP)",GC.DOD.TOTL.GD.ZS,,,,,,,,,,,,,,,,,,,26.60897543,25.44162184,24.15488134,25.2019617,27.11517204,26.32302411,23.38973481,29.94314479,25.39177741,30.93653993,23.11235673,23.09628398,25.40451299
Gabon,GAB,"Central government debt, total (% of GDP)",GC.DOD.TOTL.GD.ZS,,,,,,,,,,,,,,,,,,,,,,,,,,,,,,,
United Kingdom,GBR,"Central government debt, total (% of GDP)",GC.DOD.TOTL.GD.ZS,30.20337095,29.19489603,30.39975006,35.31355001,40.48008846,88.40972151,87.41465096,88.55906796,90.2909561,87.38964708,87.44749774,84.29840316,86.26916153,86.47603549,90.33247193,91.98524195,92.00712638,93.63239039,105.2377916,123.392178,130.6916914,143.5388902,147.0179035,141.5578557,150.5759794,147.6109814,156.0049433,161.0885905,157.8036627,160.0202471,195.3922888
Georgia,GEO,"Central government debt, total (% of GDP)",GC.DOD.TOTL.GD.ZS,,,,,,61.05163487,46.40299858,45.9022152,56.90647339,60.77760333,58.51963396,56.0323644,55.44930258,45.50740883,36.91560722,29.22923354,23.09008767,19.20406266,23.47325543,30.85677749,31.89225355,28.37154172,28.79609803,29.49942469,30.97609562,36.65065567,40.26872419,39.39246742,38.88774288,45.15350593,65.8844131
Ghana,GHA,"Central government debt, total (% of GDP)",GC.DOD.TOTL.GD.ZS,,,,,,,,,,,,,,,,,,,,,,,,,,,,,,,
Gibraltar,GIB,"Central government debt, total (% of GDP)",GC.DOD.TOTL.GD.ZS,,,,,,,,,,,,,,,,,,,,,,,,,,,,,,,
Guinea,GIN,"Central government debt, total (% of GDP)",GC.DOD.TOTL.GD.ZS,,,,,,,,,,,,,,,,,,,,,,,,,,,,,,,
"Gambia, The",GMB,"Central government debt, total (% of GDP)",GC.DOD.TOTL.GD.ZS,,,,,,,,,,,,,,,,,,,,,,,,,,,,,,,
Guinea-Bissau,GNB,"Central government debt, total (% of GDP)",GC.DOD.TOTL.GD.ZS,,,,,,,,,,,,,,,,,,,,,,,,,,,,,,,
Equatorial Guinea,GNQ,"Central government debt, total (% of GDP)",GC.DOD.TOTL.GD.ZS,,,,,,,,,,,,,,,,,,,,,,,,,,,,,,,
Greece,GRC,"Central government debt, total (% of GDP)",GC.DOD.TOTL.GD.ZS,,,,,,,,109.6488573,108.066837,109.0266289,119.4314572,123.5990185,125.626343,120.6540829,126.6596579,127.5480281,126.5730585,123.820896,127.1583264,143.9804531,136.6022242,116.2115936,168.0272011,185.7438261,189.294441,189.158854,194.6201975,198.965312,208.8384403,212.3756385,252.2861546
Grenada,GRD,"Central government debt, total (% of GDP)",GC.DOD.TOTL.GD.ZS,,,,,,,,,,,,,,,,,,,,,,,,,,,,,,,
Greenland,GRL,"Central government debt, total (% of GDP)",GC.DOD.TOTL.GD.ZS,,,,,,,,,,,,,,,,,,,,,,,,,,,,,,,
Guatemala,GTM,"Central government debt, total (% of GDP)",GC.DOD.TOTL.GD.ZS,24.48068514,17.75179131,15.83121931,13.62250812,13.16194904,11.40499902,11.24183287,11.34521767,11.28016784,13.47018859,16.98382301,20.26902332,18.69247732,21.03844097,22.14445739,21.60212014,22.23477296,21.98699753,20.38340804,23.3939732,24.81695941,24.56395978,24.70074241,25.20994956,24.79268563,24.92017709,25.03499067,21.06413073,26.4833248,26.4877249,31.56278309
Guam,GUM,"Central government debt, total (% of GDP)",GC.DOD.TOTL.GD.ZS,,,,,,,,,,,,,,,,,,,,,,,,,,,,,,,
Guyana,GUY,"Central government debt, total (% of GDP)",GC.DOD.TOTL.GD.ZS,,,,,,,,,,,,,,,,,,,,,,,,,,,,,,,
High income,HIC,"Central government debt, total (% of GDP)",GC.DOD.TOTL.GD.ZS,36.48584914,40.08183892,42.16613827,42.93788853,45.08449133,52.98635841,54.08290505,54.02155524,55.80907246,54.79343176,52.66760242,62.30157744,64.42006694,66.72517022,67.53529193,67.63745838,65.97678432,65.8249087,72.82927662,85.19798922,91.1701052,97.22381678,100.2273337,100.4587694,104.3340093,104.9111125,106.9918415,106.635412,107.3663542,109.1610862,131.5103176
"Hong Kong SAR, China",HKG,"Central government debt, total (% of GDP)",GC.DOD.TOTL.GD.ZS,,,,,,,,,,,,,,,,,,,,,,,,,,,,,,,
Honduras,HND,"Central government debt, total (% of GDP)",GC.DOD.TOTL.GD.ZS,,,,,,,,,,,,,,,,,,,,,,,,,,,,,,,
Heavily indebted poor countries (HIPC),HPC,"Central government debt, total (% of GDP)",GC.DOD.TOTL.GD.ZS,,,,,,,,,,,,,,,,,,,,,,,,,,,,,,,
Croatia,HRV,"Central government debt, total (% of GDP)",GC.DOD.TOTL.GD.ZS,,,,,,,,,,28.53792466,34.25029512,57.57246291,54.84941703,54.4020514,54.21978274,53.94547003,50.92846595,50.43401726,52.09486785,63.21852151,72.11588963,78.5498031,83.19302049,94.01258088,100.2094911,102.3868643,99.78550463,92.62871888,89.45164678,87.08089079,104.8909851
Haiti,HTI,"Central government debt, total (% of GDP)",GC.DOD.TOTL.GD.ZS,,,,,,,,,,,,,,,,,,,,,,,,,,,,,,,
Hungary,HUN,"Central government debt, total (% of GDP)",GC.DOD.TOTL.GD.ZS,,71.22759326,75.47569118,86.11350849,83.31873999,86.11386343,75.00998623,67.31687826,64.16309276,66.7855663,61.21142427,59.36569321,59.01467369,59.76332162,63.00795275,65.22712625,68.3849879,69.14049228,72.65185206,81.1091689,81.28171515,90.5625449,94.14751321,94.73319021,98.67133092,96.39735356,96.77762377,91.98722477,86.55068833,83.28940201,96.10889725
IBRD only,IBD,"Central government debt, total (% of GDP)",GC.DOD.TOTL.GD.ZS,,,,,,,,,,,,,,,,,,,,,,,,,,,,,,,
IDA & IBRD total,IBT,"Central government debt, total (% of GDP)",GC.DOD.TOTL.GD.ZS,,,,,,,,,,,,,,,,,,,,,,,,,,,,,,,
IDA total,IDA,"Central government debt, total (% of GDP)",GC.DOD.TOTL.GD.ZS,,,,,,,,,,,,,,,,,,,,,,,,,,,,,,,
IDA blend,IDB,"Central government debt, total (% of GDP)",GC.DOD.TOTL.GD.ZS,,,,,,,,,,,,,,,,,,,,,,,,,,,,,,,
Indonesia,IDN,"Central government debt, total (% of GDP)",GC.DOD.TOTL.GD.ZS,45.74145233,40.27562957,42.70935743,37.49759685,36.57059016,30.80432488,23.92314221,72.48531853,55.20408766,45.20796711,,,32.22412653,29.71739625,,,,,34.22502821,29.99730638,26.16615928,24.86514467,25.03440084,27.78192722,27.4216122,30.30912614,31.36619071,32.42906712,33.13941924,33.72915562,42.9166244
IDA only,IDX,"Central government debt, total (% of GDP)",GC.DOD.TOTL.GD.ZS,,,,,,,,,,,,,,,,,,,,,,,,,,,,,,,
Isle of Man,IMN,"Central government debt, total (% of GDP)",GC.DOD.TOTL.GD.ZS,,,,,,,,,,,,,,,,,,,,,,,,,,,,,,,
India,IND,"Central government debt, total (% of GDP)",GC.DOD.TOTL.GD.ZS,50.78325379,50.01008036,49.68090136,51.75980829,49.5942827,47.4916413,45.7233077,50.36543613,50.31921817,51.35295144,55.0042465,59.0179098,62.5527713,62.1900539,62.59297674,62.2265261,59.66673028,57.49753639,57.29221428,55.25644611,51.5919103,51.55655366,50.67803055,50.31182736,49.90092487,49.96471839,47.63375559,47.58360938,46.52249867,,
Not classified,INX,"Central government debt, total (% of GDP)",GC.DOD.TOTL.GD.ZS,,,,,,,,,,,,,,,,,,,,,,,,,,,,,,,
Ireland,IRL,"Central government debt, total (% of GDP)",GC.DOD.TOTL.GD.ZS,,,,,,,,,60.00933921,49.14186984,38.14174826,35.00719892,33.67993331,32.36709594,30.82107712,30.7738803,27.0392688,26.9930294,46.62516509,66.62175036,82.49169608,111.6490731,129.7226648,131.7821122,121.2080378,88.55792018,85.33325189,76.70692272,75.18508378,69.69604639,71.58126249
"Iran, Islamic Rep.",IRN,"Central government debt, total (% of GDP)",GC.DOD.TOTL.GD.ZS,,,,,,,,,0,,,,,,,,,,,,,,,,,,,,,,
Iraq,IRQ,"Central government debt, total (% of GDP)",GC.DOD.TOTL.GD.ZS,,,,,,,,,,,,,,,,,,,,,,,,,,27.39189089,29.47606783,35.86300616,27.43824837,,
Iceland,ISL,"Central government debt, total (% of GDP)",GC.DOD.TOTL.GD.ZS,29.91436565,31.31516329,37.64887791,43.06175493,44.10450345,46.34465767,45.69883498,68.46571755,63.17670298,59.15767935,58.25802059,60.28438052,56.29940624,54.44463383,48.27972429,84.71765917,86.9818397,84.26241869,129.7384322,145.7459808,150.6338125,156.9159182,152.7396245,140.9545802,135.7965219,117.3708396,103.3624232,90.4444869,81.95196991,89.58874282,100.0169891
Israel,ISR,"Central government debt, total (% of GDP)",GC.DOD.TOTL.GD.ZS,,,,,,99.85811749,98.69719063,93.88538216,94.83405991,88.60319026,,,,,,,,,,,,,,,,,,,,,
Italy,ITA,"Central government debt, total (% of GDP)",GC.DOD.TOTL.GD.ZS,,71.42308813,77.46365903,,,,,,,,,,,,,,,,,,,,,,,,,,,,
Jamaica,JAM,"Central government debt, total (% of GDP)",GC.DOD.TOTL.GD.ZS,138.7413276,232.8322106,123.6069513,112.1971751,94.66074289,83.86118418,72.25219524,73.70000908,81.6705597,88.96364365,98.33415571,117.5350336,127.777467,127.4332556,122.0080686,121.0024762,117.6988115,112.9899902,120.3398246,134.6787698,136.2243349,133.9784598,137.9346699,135.885095,132.4138046,124.6483008,122.6556781,102.4636034,,92.24644845,106.282373
Jordan,JOR,"Central government debt, total (% of GDP)",GC.DOD.TOTL.GD.ZS,128.7946833,129.9996619,152.6010968,125.609618,116.4459642,105.0628884,106.234221,100.3854165,101.1725908,99.90585466,93.71097071,90.82656316,85.07403591,88.9183394,89.02223486,79.9498073,72.62491335,69.95952618,55.06605258,59.22146671,59.77108432,60.42177197,65.35061398,73.72381216,77.71399162,78.86144955,74.07186073,75.38050204,,78.47902179,75.13747829
Japan,JPN,"Central government debt, total (% of GDP)",GC.DOD.TOTL.GD.ZS,52.89407055,38.85405142,39.63068406,42.8988211,55.11190585,60.77122237,65.41006169,72.86005916,80.47828377,90.52977646,98.93382307,102.846758,111.8762497,121.9153209,127.5474976,128.210798,128.602994,132.225718,138.5786317,156.9883848,160.5014612,175.5708174,183.7089068,186.5642973,192.1132166,194.5854366,193.2371245,193.4939692,197.4463134,197.8018991,216.2788852
Kazakhstan,KAZ,"Central government debt, total (% of GDP)",GC.DOD.TOTL.GD.ZS,,,,,,,,,,,,,,,,,,,,,9.522963251,8.801310072,10.49811385,10.84063915,12.64696963,19.30791606,16.76942527,16.93035826,21.99223694,18.48304695,26.63396691
Kenya,KEN,"Central government debt, total (% of GDP)",GC.DOD.TOTL.GD.ZS,,,,,,,,,,,,,,,,,,,,,,,,,,,,,,,
Kyrgyz Republic,KGZ,"Central government debt, total (% of GDP)",GC.DOD.TOTL.GD.ZS,,,,,,,,,,,,,,,,,,,,,,,,,53.88932702,72.45655758,60.47351087,60.91822868,51.65678584,54.22728733,72.23222729
Cambodia,KHM,"Central government debt, total (% of GDP)",GC.DOD.TOTL.GD.ZS,,,,,,,,,,,,,,,,,,,,,,,,,,,,,,,
Kiribati,KIR,"Central government debt, total (% of GDP)",GC.DOD.TOTL.GD.ZS,,,,,,,,,,,,,,,,,,,,,,,,,,,,,,,
St. Kitts and Nevis,KNA,"Central government debt, total (% of GDP)",GC.DOD.TOTL.GD.ZS,,,,,,,,,,,,,79.26880958,92.30854203,90.82805433,92.32122914,84.65906478,97.04632281,92.48170725,100.7544759,104.8779644,103.0096133,96.76239118,67.06532974,57.60208582,,,,,,
"Korea, Rep.",KOR,"Central government debt, total (% of GDP)",GC.DOD.TOTL.GD.ZS,7.442801569,10.24286017,9.99384595,9.200418933,8.178936862,7.216889769,6.862980184,8.679860473,,,,,,,,,,,,,,,32.40902058,34.9298593,36.50026402,37.49295711,38.06551416,37.34863514,37.55564318,39.96948014,46.43159664
Kuwait,KWT,"Central government debt, total (% of GDP)",GC.DOD.TOTL.GD.ZS,,,,,,,,,,,,,,,,,,,,,,,,,,,,,,,
Latin America & Caribbean (excluding high income),LAC,"Central government debt, total (% of GDP)",GC.DOD.TOTL.GD.ZS,,,,,,,,,,,,,,,,,,,,,,,,,,,,,,,
Lao PDR,LAO,"Central government debt, total (% of GDP)",GC.DOD.TOTL.GD.ZS,,,,,,,,,,,,,,,,,,,,,,,,,,,,,,,
Lebanon,LBN,"Central government debt, total (% of GDP)",GC.DOD.TOTL.GD.ZS,,,,,,,,96.90886598,106.9570538,128.6412691,,,,,,,,,,,,,,,,,,,,,
Liberia,LBR,"Central government debt, total (% of GDP)",GC.DOD.TOTL.GD.ZS,,,,,,,,,,,,,,,,,,,,,,21.73060884,20.31799525,,,,,,,,
Libya,LBY,"Central government debt, total (% of GDP)",GC.DOD.TOTL.GD.ZS,,,,,,,,,,,,,,,,,,,,,,,,,,,,,,,
St. Lucia,LCA,"Central government debt, total (% of GDP)",GC.DOD.TOTL.GD.ZS,,,,,,,,,,,30.8776807,40.07053942,50.03292181,48.51837959,49.58333333,52.03522505,47.19573744,45.29805321,41.63453013,43.39770236,45.72215255,,,,,,,,,,
Latin America & Caribbean,LCN,"Central government debt, total (% of GDP)",GC.DOD.TOTL.GD.ZS,,,,,,,,,,,,,,,,,,,,,,,,,,,,,,,
Least developed countries: UN classification,LDC,"Central government debt, total (% of GDP)",GC.DOD.TOTL.GD.ZS,,,,,,,,,,,,,,,,,,,,,,,,,,,,,,,
Low income,LIC,"Central government debt, total (% of GDP)",GC.DOD.TOTL.GD.ZS,,,,,,,,,,,,,,,,,,,,,,,,,,,,,,,
Liechtenstein,LIE,"Central government debt, total (% of GDP)",GC.DOD.TOTL.GD.ZS,,,,,,,,,,,,,,,,,,,,,,,,,,,,,,,
Sri Lanka,LKA,"Central government debt, total (% of GDP)",GC.DOD.TOTL.GD.ZS,96.58062551,98.48339578,95.36191195,96.7978141,94.85532323,94.6498206,92.34398434,86.10593167,89.19582391,95.10815461,96.90403265,103.2192741,105.5249908,102.270712,102.3285367,90.60491311,88.69948412,84.99441695,,86.06349191,69.25302518,68.52573941,66.74723537,68.35361656,68.59104234,73.51265916,,,,,
Lower middle income,LMC,"Central government debt, total (% of GDP)",GC.DOD.TOTL.GD.ZS,,,,,,,,,50.69318714,,,,,,,,,,,,,,,,,,,,,,
Low & middle income,LMY,"Central government debt, total (% of GDP)",GC.DOD.TOTL.GD.ZS,,,,,,,,,,,,,,,,,,,,,,,,,,,,,,,
Lesotho,LSO,"Central government debt, total (% of GDP)",GC.DOD.TOTL.GD.ZS,,,,,,,,,,,,,,,,,,,,,,,,,,,,,,,
Late-demographic dividend,LTE,"Central government debt, total (% of GDP)",GC.DOD.TOTL.GD.ZS,,,,,,,,,,,,,,,,,,,,,,,,,,,,,,,
Lithuania,LTU,"Central government debt, total (% of GDP)",GC.DOD.TOTL.GD.ZS,,,,,,,,,27.61624746,31.07856604,32.69302355,31.73420722,30.52248233,27.26441496,26.13179745,23.93573132,20.82323787,17.68951867,14.76887968,30.74369033,41.22611774,41.05385583,47.1986084,44.83591552,48.3320103,49.64569145,47.74169422,44.97756982,39.00362925,42.66221157,53.28445395
Luxembourg,LUX,"Central government debt, total (% of GDP)",GC.DOD.TOTL.GD.ZS,2.520160788,1.956575018,2.622157604,2.901345146,,,,,,,,,,,,,,,,,,,,,,,,,,,
Latvia,LVA,"Central government debt, total (% of GDP)",GC.DOD.TOTL.GD.ZS,,,,,,,,,,,,,,,,,,,,,,,,,,,,,,,
"Macao SAR, China",MAC,"Central government debt, total (% of GDP)",GC.DOD.TOTL.GD.ZS,,,,,,,,,,,,,,,,,,,,,,,,,,,,,,,
St. Martin (French part),MAF,"Central government debt, total (% of GDP)",GC.DOD.TOTL.GD.ZS,,,,,,,,,,,,,,,,,,,,,,,,,,,,,,,
Morocco,MAR,"Central government debt, total (% of GDP)",GC.DOD.TOTL.GD.ZS,87.19675998,62.06741628,70.93786898,74.12313156,69.82591552,68.39491528,,64.46241514,61.18593461,61.61713382,,,54.03033855,,,59.26999277,54.80562993,50.93555511,45.4427659,47.50363068,50.96249924,55.62772032,,,,,,,,,
Monaco,MCO,"Central government debt, total (% of GDP)",GC.DOD.TOTL.GD.ZS,,,,,,,,,,,,,,,,,,,,,,,,,,,,,,,
Moldova,MDA,"Central government debt, total (% of GDP)",GC.DOD.TOTL.GD.ZS,,,,,,37.62866114,40.12318209,48.08693531,82.83278227,77.89845339,73.01886856,60.77464326,59.55925064,52.53376299,51.9542957,32.42510358,29.17929124,23.23956579,18.44251613,27.63222644,21.93256126,19.76667393,20.34713935,19.91795216,20.82653553,23.47138598,31.88566934,29.19090866,27.01833201,24.95236448,33.01366038
Madagascar,MDG,"Central government debt, total (% of GDP)",GC.DOD.TOTL.GD.ZS,,,,,,,,,,,,,,,,,,,,,,,,,,,,,,,
Maldives,MDV,"Central government debt, total (% of GDP)",GC.DOD.TOTL.GD.ZS,30.78233776,35.57346955,41.61546381,45.55156113,44.21170024,47.35205809,43.03527636,39.67038773,40.98673597,40.12629842,40.86440999,31.23087034,33.59083783,30.35237709,27.27304266,33.92711504,29.54088431,29.18427775,30.3431523,46.19355167,,,,,,,,,,,
Middle East & North Africa,MEA,"Central government debt, total (% of GDP)",GC.DOD.TOTL.GD.ZS,,,,,,,,,,,,,,,,,,,,,,,,,,,,,,,
Mexico,MEX,"Central government debt, total (% of GDP)",GC.DOD.TOTL.GD.ZS,46.62685739,38.21823649,28.14705402,20.37512775,28.1564318,32.45838138,25.16601782,20.6491359,22.24362868,20.48505514,19.06948682,,,,,,,,,,,,,,,,,,,,
Marshall Islands,MHL,"Central government debt, total (% of GDP)",GC.DOD.TOTL.GD.ZS,,,,,,,,,,,,,,,,,,,71.85047589,72.18636361,69.21584409,56.32600248,52.67220796,53.00929756,49.62200948,47.66797543,48.58151268,47.95213567,44.13524807,41.70839446,
Middle income,MIC,"Central government debt, total (% of GDP)",GC.DOD.TOTL.GD.ZS,,,,,,,,,,,,,,,,,,,,,,,,,,,,,,,
North Macedonia,MKD,"Central government debt, total (% of GDP)",GC.DOD.TOTL.GD.ZS,,,,,,,,,,,,,,,,,,,,,,,,,,,,,,,
Mali,MLI,"Central government debt, total (% of GDP)",GC.DOD.TOTL.GD.ZS,,,,,,,,,,,,,,,,,,,,,,,,,,,,,,,
Malta,MLT,"Central government debt, total (% of GDP)",GC.DOD.TOTL.GD.ZS,46.91169936,52.92658573,56.87790644,66.64051706,69.8052684,,,,,,,,,,,,,,,,,,,,,,,,,,
Myanmar,MMR,"Central government debt, total (% of GDP)",GC.DOD.TOTL.GD.ZS,,,,,,,,,,,,0,,,,,,,,,,,,,,,,,,,
Middle East & North Africa (excluding high income),MNA,"Central government debt, total (% of GDP)",GC.DOD.TOTL.GD.ZS,,,,,,,,,,,,,,,,,,,,,,,,,,,,,,,
Montenegro,MNE,"Central government debt, total (% of GDP)",GC.DOD.TOTL.GD.ZS,,,,,,,,,,,,,,,,,,,,,,,,,,,,,,,
Mongolia,MNG,"Central government debt, total (% of GDP)",GC.DOD.TOTL.GD.ZS,,,20.62167338,41.4415301,51.43452984,37.07128268,49.47963203,54.62757869,71.57533405,83.9144977,78.41832771,69.09979809,,,,,,,,,,,,,,,,,65.96531474,60.84403972,73.93678352
Northern Mariana Islands,MNP,"Central government debt, total (% of GDP)",GC.DOD.TOTL.GD.ZS,,,,,,,,,,,,,,,,,,,,,,,,,,,,,,,
Mozambique,MOZ,"Central government debt, total (% of GDP)",GC.DOD.TOTL.GD.ZS,,,,,,,,,,,,,,,,,,,,,,,,,,,93.26291793,78.77518494,82.29605929,79.50735746,102.8841652
Mauritania,MRT,"Central government debt, total (% of GDP)",GC.DOD.TOTL.GD.ZS,,,,,,,,,,,,,,,,,,,,,,,,,,,,,,,
Mauritius,MUS,"Central government debt, total (% of GDP)",GC.DOD.TOTL.GD.ZS,39.65035497,39.92494115,31.95600905,30.22576479,31.16254454,32.86860594,35.75067635,35.82355918,33.59505661,31.41047224,32.11744331,30.1952878,39.81749382,44.73734798,39.06336994,41.69269483,38.02889577,34.69344973,33.69887495,36.55647185,36.78737616,35.52041906,36.5088808,,,,,56.15751775,55.38179411,57.96166043,
Malawi,MWI,"Central government debt, total (% of GDP)",GC.DOD.TOTL.GD.ZS,,,,,,,,,,,,,,,,,,,,29.27341464,28.03010955,27.42573465,41.42047717,36.25693348,40.63281505,39.54223713,55.15787051,34.29462257,41.69501142,44.89325355,
Malaysia,MYS,"Central government debt, total (% of GDP)",GC.DOD.TOTL.GD.ZS,79.53661793,73.31932151,64.37729789,55.69183595,47.61972977,41.06970284,,,,,,,43.04733921,45.0766413,45.69663832,42.06755976,40.58839614,40.08812577,39.79970284,50.8357456,49.55982307,50.02868164,51.64643162,52.99925192,52.67584873,53.57447824,51.89051483,50.04967161,51.18590198,52.42134169,62.02818821
North America,NAC,"Central government debt, total (% of GDP)",GC.DOD.TOTL.GD.ZS,40.93394357,44.06159728,46.05014442,48.24614033,47.35348217,49.78445331,49.42038145,46.73387195,43.7907771,40.14905942,35.43049109,52.86018772,53.87503201,55.81508404,55.81539308,55.64121998,54.4247735,54.24938712,62.11886232,73.82794839,82.18904648,86.4423146,90.34318674,91.8043966,91.88748807,92.85868951,94.60273959,93.71530749,94.7980592,96.38687635,121.7540983
Namibia,NAM,"Central government debt, total (% of GDP)",GC.DOD.TOTL.GD.ZS,,,,,,,,,,,,,,,,,,117.5152611,1.101331412,0.2776031985,1.606949193,7.450615063,-1.170725668,2.57186406,,4.667582356,5.284004082,5.436385895,5.494035207,4.64019268,
New Caledonia,NCL,"Central government debt, total (% of GDP)",GC.DOD.TOTL.GD.ZS,,,,,,,,,,,,,,,,,,,,,,,,,,,,,,,
Niger,NER,"Central government debt, total (% of GDP)",GC.DOD.TOTL.GD.ZS,,,,,,,,,,,,,,,,,,,,,,,,,,,,,,,
Nigeria,NGA,"Central government debt, total (% of GDP)",GC.DOD.TOTL.GD.ZS,,,,,,,,,,,,,,,,,,,,,,,,,,,,,,,
Nicaragua,NIC,"Central government debt, total (% of GDP)",GC.DOD.TOTL.GD.ZS,,,,,,,,,,,,,,,,,,,,,,,,,,,,,,,
Netherlands,NLD,"Central government debt, total (% of GDP)",GC.DOD.TOTL.GD.ZS,54.80317756,55.28956191,56.08873186,56.53138788,54.29444265,,,,,,,,,,,,,,,,,,,,,,,,,,
Norway,NOR,"Central government debt, total (% of GDP)",GC.DOD.TOTL.GD.ZS,19.84703811,18.59428139,22.34283163,31.56079027,30.75198135,,,,,,,,,,,,,,,,,,,,,,,,,,
Nepal,NPL,"Central government debt, total (% of GDP)",GC.DOD.TOTL.GD.ZS,52.62058095,64.91143044,61.65692299,63.68153823,66.54121,66.18364321,65.19788038,59.88242969,66.35144343,64.06810979,64.57331984,58.98914159,63.93546098,62.58819538,59.41566729,51.76462305,49.68696803,42.97866114,43.79998725,,33.86252123,,,,,,,,,31.77714735,39.04856313
Nauru,NRU,"Central government debt, total (% of GDP)",GC.DOD.TOTL.GD.ZS,,,,,,,,,,,,,,,,,,,,,,,,,,,,,,,
New Zealand,NZL,"Central government debt, total (% of GDP)",GC.DOD.TOTL.GD.ZS,,,,,,,,,,,,,32.77638426,48.24533847,43.86751661,44.16984908,42.95248948,36.97535262,36.09600541,31.94142774,34.8105507,48.13696045,51.65769303,46.45032282,43.91554786,42.939841,41.41656867,38.65208181,36.6123946,32.69834582,46.32825942
OECD members,OED,"Central government debt, total (% of GDP)",GC.DOD.TOTL.GD.ZS,36.343702,39.52826575,41.20647322,41.6951377,44.30461389,51.70815062,52.54612326,52.5222056,53.61493768,53.28514292,51.17802569,62.25822006,64.27409157,66.46288755,67.52515712,67.67785053,66.16643427,66.06582544,72.11229117,84.34853175,90.16276462,95.83808405,98.76741641,99.90070578,102.4945292,103.0160169,105.1589755,104.830021,105.5795852,107.329913,129.3299764
Oman,OMN,"Central government debt, total (% of GDP)",GC.DOD.TOTL.GD.ZS,,,,,,,,,,,,,,,,,,,,,,,,,,,,,,,
Other small states,OSS,"Central government debt, total (% of GDP)",GC.DOD.TOTL.GD.ZS,,,,,,,,,,,,,,,,,,,,,,,,,,,,,,,
Pakistan,PAK,"Central government debt, total (% of GDP)",GC.DOD.TOTL.GD.ZS,78.77253509,76.09082892,74.52857679,78.91019052,,,,,79.08469198,,66.75250207,,,,,,,,,,,,,,,,,,,,
Panama,PAN,"Central government debt, total (% of GDP)",GC.DOD.TOTL.GD.ZS,,,,,,,,,,,,,,,,,,,,,,,,,,,,,,,
Peru,PER,"Central government debt, total (% of GDP)",GC.DOD.TOTL.GD.ZS,189.2462856,78.21675121,80.14272904,70.61609845,55.49153471,,,,,,,,,,,,32.53945754,28.52881839,26.07632235,26.40086588,23.68179134,20.72021657,19.21665946,18.39442038,19.5653896,22.86555447,23.70625643,24.66754332,25.69854801,26.54380105,34.66897903
Philippines,PHL,"Central government debt, total (% of GDP)",GC.DOD.TOTL.GD.ZS,45.00767451,43.58794931,46.26979037,58.83319795,49.41851146,53.47117815,46.55766342,48.69784833,58.28058291,52.83488971,58.5984332,59.26149558,64.71507455,71.1158091,71.6007252,65.70974312,58.79787399,51.57489163,52.43227093,52.40069313,50.19624148,48.80584813,49.15745521,47.14418186,43.42633894,,,,,,
Palau,PLW,"Central government debt, total (% of GDP)",GC.DOD.TOTL.GD.ZS,,,,,,,,,,,,,,,,,,,23.5870749,24.25406457,32.75150557,25.74922744,27.27185875,23.22138034,21.87733718,63.46476527,67.95786423,79.83135784,84.74744086,86.13175834,
Papua New Guinea,PNG,"Central government debt, total (% of GDP)",GC.DOD.TOTL.GD.ZS,48.95325401,46.6108276,44.86431447,44.32619013,53.54501564,53.66200139,55.6433691,62.40465563,66.35014609,63.53730092,57.74153126,68.26755673,69.73446013,,,,,,,,,,,,26.894612,29.87537774,33.7401901,32.68568941,36.674291,40.15359037,48.68010121
Poland,POL,"Central government debt, total (% of GDP)",GC.DOD.TOTL.GD.ZS,,,,,60.45439847,,,,,,,,,,,,,,,,,,,,,,,,,,
Pre-demographic dividend,PRE,"Central government debt, total (% of GDP)",GC.DOD.TOTL.GD.ZS,,,,,,,,,,,,,,,,,,,,,,,,,,,,,,,
Puerto Rico,PRI,"Central government debt, total (% of GDP)",GC.DOD.TOTL.GD.ZS,,,,,,,,,,,,,,,,,,,,,,,,,,,,,,,
"Korea, Dem. People's Rep.",PRK,"Central government debt, total (% of GDP)",GC.DOD.TOTL.GD.ZS,,,,,,,,,,,,,,,,,,,,,,,,,,,,,,,
Portugal,PRT,"Central government debt, total (% of GDP)",GC.DOD.TOTL.GD.ZS,,,,8.245737735,5.65740457,,,,,,,,,,,,,,,,,,,,,,,,,,
Paraguay,PRY,"Central government debt, total (% of GDP)",GC.DOD.TOTL.GD.ZS,,,,,,,,,,,,,,,,,,,,,,,,,,,,,,,
West Bank and Gaza,PSE,"Central government debt, total (% of GDP)",GC.DOD.TOTL.GD.ZS,,,,,,,,,,,,,,,,,,,,,,,,,,,,,,,
Pacific island small states,PSS,"Central government debt, total (% of GDP)",GC.DOD.TOTL.GD.ZS,,,,,,,,,,,,,,,,,,,,,,,,,,,,,,,
Post-demographic dividend,PST,"Central government debt, total (% of GDP)",GC.DOD.TOTL.GD.ZS,36.49276018,40.09834283,42.15521066,42.88774418,44.94594354,52.80842115,53.94780989,53.93492251,55.9601415,55.02131531,53.14630824,62.69189852,64.7784015,67.21360186,68.09278497,68.06692426,66.48083835,66.34039306,73.06319619,85.41908666,91.33541379,97.24079859,100.1176224,101.3755187,104.4090941,105.2403229,107.3457323,107.0457473,107.7666708,109.5681598,132.1922726
French Polynesia,PYF,"Central government debt, total (% of GDP)",GC.DOD.TOTL.GD.ZS,,,,,,,,,,,,,,,,,,,,,,,,,,,,,,,
Qatar,QAT,"Central government debt, total (% of GDP)",GC.DOD.TOTL.GD.ZS,,,,,,,,,,,,,,,,,,,,,,,,,,,,,,,
Romania,ROU,"Central government debt, total (% of GDP)",GC.DOD.TOTL.GD.ZS,,,,,,,,,29.48267523,30.00968683,27.84473453,28.52139083,27.78578395,25.05641484,21.65859994,19.35322537,16.29183289,17.61361466,18.33595512,28.23145055,34.13583726,37.24773345,40.38824264,43.88270067,46.26934363,45.16991522,47.279933,44.32707463,42.56210413,43.2052964,57.10849327
Russian Federation,RUS,"Central government debt, total (% of GDP)",GC.DOD.TOTL.GD.ZS,,,,,,,,,143.9489995,100.7441377,62.14888887,48.98361534,41.35271686,,,16.66086845,9.89107286,7.158430117,6.495287438,8.697866335,9.098105645,8.641081944,8.551408593,9.06725564,11.20046128,13.54076578,14.24173958,16.32537412,16.16857899,17.27604844,23.04934927
Rwanda,RWA,"Central government debt, total (% of GDP)",GC.DOD.TOTL.GD.ZS,49.79692027,47.8601031,48.42897426,,,,,,,,,,,,,,,,,,,,,,,,,,,,
South Asia,SAS,"Central government debt, total (% of GDP)",GC.DOD.TOTL.GD.ZS,55.10882588,54.35972404,53.79390673,56.08367211,51.37449695,49.3635521,47.59002596,51.71336232,54.64067189,53.02380822,57.61317016,58.2403083,61.48376793,60.99830025,63.93356696,63.09687785,60.56089574,58.28143827,57.09908128,56.35652587,52.03306699,52.18060926,51.27888416,51.00471534,50.61310194,50.8485924,47.68024481,47.63059006,46.57032342,,
Saudi Arabia,SAU,"Central government debt, total (% of GDP)",GC.DOD.TOTL.GD.ZS,,,,,,,,,,,,,,,,,,,,,,,,,,,,,,,
Sudan,SDN,"Central government debt, total (% of GDP)",GC.DOD.TOTL.GD.ZS,,,,,,,,,7.869491684,8.658732429,,,,,,,,,,,,,,,,,,,,,
Senegal,SEN,"Central government debt, total (% of GDP)",GC.DOD.TOTL.GD.ZS,,,,,,,,,,,,,,,,,,,,,,,,,,,,,,,
Singapore,SGP,"Central government debt, total (% of GDP)",GC.DOD.TOTL.GD.ZS,77.85531186,78.97732192,81.88275581,72.87963718,70.28183455,72.78049031,72.73533406,71.36072927,82.59911664,87.86037846,83.84229173,93.93631251,106.3325409,108.5899838,101.779019,94.96669378,82.83748054,77.2760743,96.40996475,106.3724683,101.4497824,104.7851838,107.8280936,99.44648886,99.60979867,103.3208398,109.1358254,109.3517265,110.7300709,128.3092592,153.4112539
Solomon Islands,SLB,"Central government debt, total (% of GDP)",GC.DOD.TOTL.GD.ZS,,,,,,,,,,,,,,,,,,,,,,13.92680834,11.59243936,10.1052824,8.720339804,6.737625634,6.259588741,8.402457923,7.685645856,7.74418283,11.46390032
Sierra Leone,SLE,"Central government debt, total (% of GDP)",GC.DOD.TOTL.GD.ZS,,,,,,,,,,,,,,,,,,,,,,,,,,,,,,,
El Salvador,SLV,"Central government debt, total (% of GDP)",GC.DOD.TOTL.GD.ZS,,,,,,,,,24.65293389,28.19066346,27.37640894,35.37055254,62.44694538,57.91122341,56.5005963,56.21581168,50.51222227,48.48237248,48.42693762,58.14692057,57.49428662,54.56257098,54.85233981,62.39927679,50.83795443,51.27840327,52.06565617,55.24851882,52.21428201,53.87903936,71.41060016
San Marino,SMR,"Central government debt, total (% of GDP)",GC.DOD.TOTL.GD.ZS,,,,,,,,,,,,,12.73482815,26.5286654,31.92336779,39.34232543,47.76561176,47.45096013,46.86853833,46.60740073,54.97249266,44.82937546,51.21772188,54.02301355,53.32455944,56.93022907,57.32808753,54.59344477,55.94045509,55.0853181,98.34762147
Somalia,SOM,"Central government debt, total (% of GDP)",GC.DOD.TOTL.GD.ZS,,,,,,,,,,,,,,,,,,,,,,,,,,,,,,,
Serbia,SRB,"Central government debt, total (% of GDP)",GC.DOD.TOTL.GD.ZS,,,,,,,,,,,,,,,,,,,,,,,,,,,,,,,
Sub-Saharan Africa (excluding high income),SSA,"Central government debt, total (% of GDP)",GC.DOD.TOTL.GD.ZS,,,,,,,,,,,,,,,,,,,,,,,,,,,,,,,
South Sudan,SSD,"Central government debt, total (% of GDP)",GC.DOD.TOTL.GD.ZS,,,,,,,,,,,,,,,,,,,,,,,,,,,,,,,
Sub-Saharan Africa,SSF,"Central government debt, total (% of GDP)",GC.DOD.TOTL.GD.ZS,,,,,,,,,,,,,,,,,,,,,,,,,,,,,,,
Small states,SST,"Central government debt, total (% of GDP)",GC.DOD.TOTL.GD.ZS,,,,,,,,,,,,,,,,,,,,,,,,,,,,,,,
Sao Tome and Principe,STP,"Central government debt, total (% of GDP)",GC.DOD.TOTL.GD.ZS,,,,,,,,,,,,,,,,,,,,,,,,,,,,,,,
Suriname,SUR,"Central government debt, total (% of GDP)",GC.DOD.TOTL.GD.ZS,,,,,,,,,,,,,,,,,,,,,,,,,,,,,,,
Slovak Republic,SVK,"Central government debt, total (% of GDP)",GC.DOD.TOTL.GD.ZS,,,,,,,,,37.06398228,47.43738583,53.94445171,53.36995841,47.47811516,45.67213181,44.10518805,38.61380134,36.60979828,34.99149159,34.03770555,42.04436507,45.56012091,48.58053773,58.48775229,63.21077128,65.8810865,64.83448553,66.41586188,64.35388113,62.29037578,61.9874187,77.36130426
Slovenia,SVN,"Central government debt, total (% of GDP)",GC.DOD.TOTL.GD.ZS,,,,,,,,,,,,,,,,,,,,,,,,,,,,,,,
Sweden,SWE,"Central government debt, total (% of GDP)",GC.DOD.TOTL.GD.ZS,,31.99348606,36.61367722,49.95592763,57.52924221,,85.68288018,87.96572409,87.86634803,77.83906692,70.27831726,60.86975797,59.47271638,58.18007502,57.59725305,57.86921908,51.63242856,45.69496892,45.64558959,46.92348512,43.3019148,43.68472373,43.51024796,45.16954245,49.45450857,47.43432063,46.18805621,43.96498752,42.28267637,38.69361233,43.99518273
Eswatini,SWZ,"Central government debt, total (% of GDP)",GC.DOD.TOTL.GD.ZS,,,,,,,,,,,,,,,,,,,,,,,,,,,,,,,
Sint Maarten (Dutch part),SXM,"Central government debt, total (% of GDP)",GC.DOD.TOTL.GD.ZS,,,,,,,,,,,,,,,,,,,,,,,,,,,,,,,
Seychelles,SYC,"Central government debt, total (% of GDP)",GC.DOD.TOTL.GD.ZS,,,,,,,,,,,,,,,,,,,176.9243381,100.4455703,75.35341586,78.84131555,78.14180567,51.55062982,66.62459326,61.61793584,,,,,
Syrian Arab Republic,SYR,"Central government debt, total (% of GDP)",GC.DOD.TOTL.GD.ZS,,,,,,,,,,,,,,,,,,,,,,,,,,,,,,,
Turks and Caicos Islands,TCA,"Central government debt, total (% of GDP)",GC.DOD.TOTL.GD.ZS,,,,,,,,,,,,,,,,,,,,,,,,,,,,,,,
Chad,TCD,"Central government debt, total (% of GDP)",GC.DOD.TOTL.GD.ZS,,,,,,,,,,,,,,,,,,,,,,,,,,,,,,,
East Asia & Pacific (IDA & IBRD countries),TEA,"Central government debt, total (% of GDP)",GC.DOD.TOTL.GD.ZS,,,,,,,,,,,,,,,,,,,,,,,,,,,,,,,
Europe & Central Asia (IDA & IBRD countries),TEC,"Central government debt, total (% of GDP)",GC.DOD.TOTL.GD.ZS,,,,,,,,,95.93730379,,,,,,,,,,18.59516939,23.42105067,22.53314467,21.9908473,21.66081403,20.66802451,23.08399484,24.54127218,25.42200047,25.88912954,25.31683851,26.73833435,34.03430323
Togo,TGO,"Central government debt, total (% of GDP)",GC.DOD.TOTL.GD.ZS,,,,,,,,,,,,,,,,,,,,,,,,,,,,,,,
Thailand,THA,"Central government debt, total (% of GDP)",GC.DOD.TOTL.GD.ZS,18.44775385,13.36556734,10.87899516,8.186243537,5.693219737,4.610094712,3.673497457,4.641520409,10.66985739,20.00577892,21.96458651,24.57833404,30.07035627,27.04601837,24.3963998,25.45812828,24.38065915,22.99346683,22.45021726,26.7791952,26.90084554,28.1319763,28.44471602,40.06185329,36.49665132,37.86886742,38.48944058,,39.24916592,40.13268124,50.4013058
Tajikistan,TJK,"Central government debt, total (% of GDP)",GC.DOD.TOTL.GD.ZS,,,,,,,,,,,114.076118,79.80407988,,,,,,,,,,,,,,,,,,,
Turkmenistan,TKM,"Central government debt, total (% of GDP)",GC.DOD.TOTL.GD.ZS,,,,,,,,,,,,,,,,,,,,,,,,,,,,,,,
Latin America & the Caribbean (IDA & IBRD countries),TLA,"Central government debt, total (% of GDP)",GC.DOD.TOTL.GD.ZS,,,,,,,,,,,,,,,,,,,,,,,,,,,,,,,
Timor-Leste,TLS,"Central government debt, total (% of GDP)",GC.DOD.TOTL.GD.ZS,,,,,,,,,,,,,,,,,,,,,,,,,,,,,,,
Middle East & North Africa (IDA & IBRD countries),TMN,"Central government debt, total (% of GDP)",GC.DOD.TOTL.GD.ZS,,,,,,,,,,,,,,,,,,,,,,,,,,,,,,,
Tonga,TON,"Central government debt, total (% of GDP)",GC.DOD.TOTL.GD.ZS,,,,,,,,,,,,,,,,,,,,,,,,49.03808398,47.4764851,51.17607992,49.4146055,,,,
South Asia (IDA & IBRD),TSA,"Central government debt, total (% of GDP)",GC.DOD.TOTL.GD.ZS,55.10882588,54.35972404,53.79390673,56.08367211,51.37449695,49.3635521,47.59002596,51.71336232,54.64067189,53.02380822,57.61317016,58.2403083,61.48376793,60.99830025,63.93356696,63.09687785,60.56089574,58.28143827,57.09908128,56.35652587,52.03306699,52.18060926,51.27888416,51.00471534,50.61310194,50.8485924,47.68024481,47.63059006,46.57032342,,
Sub-Saharan Africa (IDA & IBRD countries),TSS,"Central government debt, total (% of GDP)",GC.DOD.TOTL.GD.ZS,,,,,,,,,,,,,,,,,,,,,,,,,,,,,,,
Trinidad and Tobago,TTO,"Central government debt, total (% of GDP)",GC.DOD.TOTL.GD.ZS,,,,,,,,,,,,,,,,,16.80320685,15.92800424,,,,,,,,,,,,,
Tunisia,TUN,"Central government debt, total (% of GDP)",GC.DOD.TOTL.GD.ZS,54.7703801,60.67271881,55.49913175,59.30982746,59.03451416,57.51826787,55.29651794,56.93532781,54.28174403,55.63863638,56.72127583,56.46781997,55.934434,55.02131557,53.83755809,52.42052972,48.56391046,45.7824705,43.28770543,42.92979215,38.7660003,42.48072245,42.5197543,,,,,,,,
Turkiye,TUR,"Central government debt, total (% of GDP)",GC.DOD.TOTL.GD.ZS,30.2454942,32.12991113,34.01727506,33.69822326,44.01750571,35.84140076,37.92075014,44.29328872,30.296628,,,,,,,,,,40.88917536,48.47102586,45.14531479,40.07695381,37.96022912,32.12164528,31.34641668,29.06006389,30.07355048,29.85575441,29.41291407,34.13200411,41.97025987
Tuvalu,TUV,"Central government debt, total (% of GDP)",GC.DOD.TOTL.GD.ZS,,,,,,,,,,,,,,,,,,,,,,,,,,,,,,,
Tanzania,TZA,"Central government debt, total (% of GDP)",GC.DOD.TOTL.GD.ZS,,,,,,,,,,,,,,,,,,,,,,,,,,,,,,,
Uganda,UGA,"Central government debt, total (% of GDP)",GC.DOD.TOTL.GD.ZS,,,,,,,,,,,,,,,,,,,,,,,,,,,,,34.673571,38.47694531,44.18591431
Ukraine,UKR,"Central government debt, total (% of GDP)",GC.DOD.TOTL.GD.ZS,,,,,,,,,,60.9764493,43.72978743,,,,,,,,13.22995421,23.99003423,28.86663662,26.48082017,32.44591172,35.63139959,63.66531919,70.25883762,71.80954545,66.73464651,56.90595067,48.3272696,58.71618507
Upper middle income,UMC,"Central government debt, total (% of GDP)",GC.DOD.TOTL.GD.ZS,,,,,,,,,,,,,,,,,,,,,,,,,,,,,,,
Uruguay,URY,"Central government debt, total (% of GDP)",GC.DOD.TOTL.GD.ZS,31.59596304,24.59057576,23.60477732,21.87914304,24.53018807,,,,,,,40.64333486,95.26786072,105.6027809,85.42559412,76.11445971,69.02689635,58.51206053,57.25268252,49.27332921,44.22270175,45.35145122,43.40345045,42.740851,44.35796133,51.18648002,46.65662974,45.61617128,47.95012972,50.9429032,60.39983256
United States,USA,"Central government debt, total (% of GDP)",GC.DOD.TOTL.GD.ZS,40.93394357,44.06159728,46.05014442,48.24614033,47.35348217,47.20953529,46.74176855,44.11746983,41.12914898,37.72727827,33.26765486,52.44367633,53.86251404,56.25040459,56.6622864,56.53884791,55.46733576,55.65992611,63.81512982,75.8420483,84.96441099,89.54681703,93.64926176,95.53468821,95.76669869,96.42522795,98.50410172,97.77493423,99.14958445,100.9025728,126.3904957
Uzbekistan,UZB,"Central government debt, total (% of GDP)",GC.DOD.TOTL.GD.ZS,,,,,,,,,,,,,,,,,,,,,,,,,,,,,,,
St. Vincent and the Grenadines,VCT,"Central government debt, total (% of GDP)",GC.DOD.TOTL.GD.ZS,31.52590949,31.58246614,33.63180898,40.70993364,43.26406306,43.35341413,41.60800876,39.38316045,40.0388592,51.94608224,47.91189059,45.51155331,49.55342689,52.48280632,56.31325012,54.27042394,51.31649309,43.85712232,43.51450831,53.69823988,,,,,,,,,,,
"Venezuela, RB",VEN,"Central government debt, total (% of GDP)",GC.DOD.TOTL.GD.ZS,,,,,,,,,,,,,,,,,,,,,,,,,,,,,,,
British Virgin Islands,VGB,"Central government debt, total (% of GDP)",GC.DOD.TOTL.GD.ZS,,,,,,,,,,,,,,,,,,,,,,,,,,,,,,,
Virgin Islands (U.S.),VIR,"Central government debt, total (% of GDP)",GC.DOD.TOTL.GD.ZS,,,,,,,,,,,,,,,,,,,,,,,,,,,,,,,
Vietnam,VNM,"Central government debt, total (% of GDP)",GC.DOD.TOTL.GD.ZS,,,,,,,,,,,,,,,,,,,,,,,,,,,,,,,
Vanuatu,VUT,"Central government debt, total (% of GDP)",GC.DOD.TOTL.GD.ZS,23.41696596,,,,,24.18345079,22.3390411,23.35316079,28.40314527,27.30321163,,,,,,,,,,,,,,,,,,,,,
World,WLD,"Central government debt, total (% of GDP)",GC.DOD.TOTL.GD.ZS,,,,,,,,,,,,,,,,,,,,,,,,,,,,,,,
Samoa,WSM,"Central government debt, total (% of GDP)",GC.DOD.TOTL.GD.ZS,,,,,,,,,,,,,,,,,,,,,,,,,,,,,,,
Kosovo,XKX,"Central government debt, total (% of GDP)",GC.DOD.TOTL.GD.ZS,,,,,,,,,,,,,,,,,,,,,,,,,,,,,,,
"Yemen, Rep.",YEM,"Central government debt, total (% of GDP)",GC.DOD.TOTL.GD.ZS,,,,,,,,,,,,,,,,,,,,,,,,,,,,,,,
South Africa,ZAF,"Central government debt, total (% of GDP)",GC.DOD.TOTL.GD.ZS,32.39719496,33.91359083,36.9022311,39.95077209,44.81696974,44.86861899,44.22987592,43.175546,44.65426177,42.1780316,39.63905838,,,,,,,,,,,,,,,,,,,,
Zambia,ZMB,"Central government debt, total (% of GDP)",GC.DOD.TOTL.GD.ZS,244.3805364,277.530308,164.7007536,161.7860769,149.2098899,155.2792246,175.9344907,150.0725489,161.2321579,,,,,,,,,,,,17.32151148,18.04990936,23.48891928,24.22399414,44.39586759,49.40734735,46.43289358,52.28094184,59.71222117,61.93011738,103.6982424
Zimbabwe,ZWE,"Central government debt, total (% of GDP)",GC.DOD.TOTL.GD.ZS,,,,,,,,,,,,,,,,,,,,,,,,,,,,,,,